geo_code,geo_level,area,sex,total
1,state,Urban,Male,1866185
1,district,Rural,Male,412038
1,district,Urban,Male,62152
2,district,Rural,Male,343385
2,district,Urban,Male,54656
3,district,Rural,Male,48411
3,district,Urban,Male,30560
4,district,Rural,Male,67703
4,district,Urban,Male,10082
5,district,Rural,Male,229774
5,district,Urban,Male,22125
6,district,Rural,Male,310748
6,district,Urban,Male,34603
7,district,Rural,Male,278126
7,district,Urban,Male,47983
8,district,Rural,Male,432399
8,district,Urban,Male,102334
9,district,Rural,Male,172263
9,district,Urban,Male,35417
10,district,Rural,Male,8916
10,district,Urban,Male,642208
11,district,Rural,Male,133715
11,district,Urban,Male,25005
12,district,Rural,Male,248096
12,district,Urban,Male,44968
13,district,Rural,Male,127161
13,district,Urban,Male,9319
14,district,Rural,Male,411012
14,district,Urban,Male,148755
15,district,Rural,Male,175574
15,district,Urban,Male,42046
16,district,Rural,Male,195430
16,district,Urban,Male,18211
17,district,Rural,Male,142317
17,district,Urban,Male,6815
18,district,Rural,Male,111986
18,district,Urban,Male,8179
19,district,Rural,Male,232974
19,district,Urban,Male,63810
20,district,Rural,Male,151481
20,district,Urban,Male,14980
21,district,Rural,Male,401603
21,district,Urban,Male,412218
22,district,Rural,Male,139365
22,district,Urban,Male,29759
2,state,Rural,Male,3110345
2,state,Urban,Male,371528
23,district,Rural,Male,241963
23,district,Urban,Male,19357
24,district,Rural,Male,705365
24,district,Urban,Male,45226
25,district,Rural,Male,16588
25,district,Urban,Male,0
26,district,Rural,Male,203269
26,district,Urban,Male,22183
27,district,Rural,Male,466050
27,district,Urban,Male,32015
28,district,Rural,Male,200748
28,district,Urban,Male,16322
29,district,Rural,Male,240254
29,district,Urban,Male,23438
30,district,Rural,Male,179653
30,district,Urban,Male,13111
31,district,Rural,Male,249736
31,district,Urban,Male,59018
32,district,Rural,Male,246175
32,district,Urban,Male,30114
33,district,Rural,Male,314295
33,district,Urban,Male,110744
34,district,Rural,Male,46249
34,district,Urban,Male,0
3,state,Rural,Male,9093476
3,state,Urban,Male,5545989
35,district,Rural,Male,855784
35,district,Urban,Male,356833
36,district,Rural,Male,275932
36,district,Urban,Male,150379
37,district,Rural,Male,528790
37,district,Urban,Male,616421
38,district,Rural,Male,634470
38,district,Urban,Male,174587
39,district,Rural,Male,248118
39,district,Urban,Male,65173
40,district,Rural,Male,220050
40,district,Urban,Male,100745
41,district,Rural,Male,753444
41,district,Urban,Male,1114372
42,district,Rural,Male,405704
42,district,Urban,Male,120216
43,district,Rural,Male,776208
43,district,Urban,Male,295429
44,district,Rural,Male,342202
44,district,Urban,Male,133420
45,district,Rural,Male,210782
45,district,Urban,Male,115889
46,district,Rural,Male,474484
46,district,Urban,Male,268713
47,district,Rural,Male,322184
47,district,Urban,Male,86548
48,district,Rural,Male,598800
48,district,Urban,Male,403722
49,district,Rural,Male,607266
49,district,Urban,Male,711142
50,district,Rural,Male,514322
50,district,Urban,Male,75047
51,district,Rural,Male,264089
51,district,Urban,Male,93396
52,district,Rural,Male,240984
52,district,Urban,Male,288269
53,district,Rural,Male,604653
53,district,Urban,Male,273376
54,district,Rural,Male,215210
54,district,Urban,Male,102312
4,state,Rural,Male,17150
4,state,Urban,Male,563513
55,district,Rural,Male,17150
55,district,Urban,Male,563513
5,state,Rural,Male,3519042
5,state,Urban,Male,1618731
56,district,Rural,Male,155375
56,district,Urban,Male,13222
57,district,Rural,Male,160369
57,district,Urban,Male,33622
58,district,Rural,Male,108740
58,district,Urban,Male,5849
59,district,Rural,Male,259381
59,district,Urban,Male,38605
60,district,Rural,Male,392891
60,district,Urban,Male,499308
61,district,Rural,Male,268029
61,district,Urban,Male,58800
62,district,Rural,Male,202930
62,district,Urban,Male,36376
63,district,Rural,Male,119615
63,district,Urban,Male,4711
64,district,Rural,Male,257359
64,district,Urban,Male,33722
65,district,Rural,Male,110842
65,district,Urban,Male,20283
66,district,Rural,Male,299257
66,district,Urban,Male,194409
67,district,Rural,Male,550470
67,district,Urban,Male,308313
68,district,Rural,Male,633784
68,district,Urban,Male,371511
6,state,Rural,Male,8774006
6,state,Urban,Male,4720728
69,district,Rural,Male,133153
69,district,Urban,Male,166526
70,district,Rural,Male,331703
70,district,Urban,Male,267000
71,district,Rural,Male,393957
71,district,Urban,Male,252761
72,district,Rural,Male,361020
72,district,Urban,Male,149956
73,district,Rural,Male,445931
73,district,Urban,Male,125072
74,district,Rural,Male,557110
74,district,Urban,Male,240602
75,district,Rural,Male,349642
75,district,Urban,Male,297215
76,district,Rural,Male,538750
76,district,Urban,Male,242549
77,district,Rural,Male,550519
77,district,Urban,Male,162487
78,district,Rural,Male,400814
78,district,Urban,Male,94546
79,district,Rural,Male,514177
79,district,Urban,Male,168405
80,district,Rural,Male,634139
80,district,Urban,Male,297423
81,district,Rural,Male,696212
81,district,Urban,Male,170460
82,district,Rural,Male,332034
82,district,Urban,Male,236445
83,district,Rural,Male,384219
83,district,Urban,Male,130448
84,district,Rural,Male,416358
84,district,Urban,Male,70307
85,district,Rural,Male,349710
85,district,Urban,Male,124625
86,district,Rural,Male,251462
86,district,Urban,Male,565228
87,district,Rural,Male,506086
87,district,Urban,Male,65076
88,district,Rural,Male,198103
88,district,Urban,Male,768007
89,district,Rural,Male,428907
89,district,Urban,Male,125590
7,state,Rural,Male,226321
7,state,Urban,Male,8761005
90,district,Rural,Male,115680
90,district,Urban,Male,1845242
91,district,Rural,Male,9546
91,district,Urban,Male,465456
92,district,Rural,Male,11718
92,district,Urban,Male,1176707
93,district,Rural,Male,1861
93,district,Urban,Male,905639
94,district,Rural,Male,0
94,district,Urban,Male,77942
95,district,Rural,Male,0
95,district,Urban,Male,307821
96,district,Rural,Male,3355
96,district,Urban,Male,1352885
97,district,Rural,Male,77342
97,district,Urban,Male,1168704
98,district,Rural,Male,6819
98,district,Urban,Male,1460609
8,state,Rural,Male,26641747
8,state,Urban,Male,8909250
99,district,Rural,Male,758269
99,district,Urban,Male,285071
100,district,Rural,Male,746887
100,district,Urban,Male,184297
101,district,Rural,Male,821434
101,district,Urban,Male,419367
102,district,Rural,Male,755028
102,district,Urban,Male,296418
103,district,Rural,Male,842718
103,district,Urban,Male,253178
104,district,Rural,Male,1589508
104,district,Urban,Male,349518
105,district,Rural,Male,1093357
105,district,Urban,Male,262369
106,district,Rural,Male,520930
106,district,Urban,Male,132717
107,district,Rural,Male,668185
107,district,Urban,Male,115454
108,district,Rural,Male,564592
108,district,Urban,Male,139439
109,district,Rural,Male,751900
109,district,Urban,Male,105887
110,district,Rural,Male,1642924
110,district,Urban,Male,1825583
111,district,Rural,Male,1047469
111,district,Urban,Male,327521
112,district,Rural,Male,1368771
112,district,Urban,Male,327554
113,district,Rural,Male,1260328
113,district,Urban,Male,663600
114,district,Rural,Male,312447
114,district,Urban,Male,49261
115,district,Rural,Male,1273249
115,district,Urban,Male,95773
116,district,Rural,Male,857619
116,district,Urban,Male,79015
117,district,Rural,Male,424252
117,district,Urban,Male,109979
118,district,Rural,Male,787559
118,district,Urban,Male,237863
119,district,Rural,Male,789397
119,district,Urban,Male,534688
120,district,Rural,Male,568045
120,district,Urban,Male,160091
121,district,Rural,Male,461734
121,district,Urban,Male,115426
122,district,Rural,Male,955378
122,district,Urban,Male,265358
123,district,Rural,Male,486960
123,district,Urban,Male,94379
124,district,Rural,Male,651046
124,district,Urban,Male,45486
125,district,Rural,Male,842767
125,district,Urban,Male,64987
126,district,Rural,Male,636415
126,district,Urban,Male,146756
127,district,Rural,Male,401331
127,district,Urban,Male,619830
128,district,Rural,Male,502228
128,district,Urban,Male,131717
129,district,Rural,Male,606533
129,district,Urban,Male,118610
130,district,Rural,Male,1251316
130,district,Urban,Male,315485
131,district,Rural,Male,401171
131,district,Urban,Male,36573
9,state,Rural,Male,80992995
9,state,Urban,Male,23487515
132,district,Rural,Male,1269803
132,district,Urban,Male,564303
133,district,Rural,Male,1565004
133,district,Urban,Male,628430
134,district,Rural,Male,1438412
134,district,Urban,Male,482803
135,district,Rural,Male,1680022
135,district,Urban,Male,823164
136,district,Rural,Male,916878
136,district,Urban,Male,307011
137,district,Rural,Male,724539
137,district,Urban,Male,238910
138,district,Rural,Male,894920
138,district,Urban,Male,930823
139,district,Rural,Male,553807
139,district,Urban,Male,146263
140,district,Rural,Male,808222
140,district,Urban,Male,1680612
141,district,Rural,Male,359605
141,district,Urban,Male,530609
142,district,Rural,Male,1390490
142,district,Urban,Male,454770
143,district,Rural,Male,1308923
143,district,Urban,Male,643073
144,district,Rural,Male,659814
144,district,Urban,Male,176313
145,district,Rural,Male,962028
145,district,Urban,Male,405097
146,district,Rural,Male,1285184
146,district,Urban,Male,1079769
147,district,Rural,Male,891872
147,district,Urban,Male,440174
148,district,Rural,Male,842374
148,district,Urban,Male,151003
149,district,Rural,Male,1630376
149,district,Urban,Male,337383
150,district,Rural,Male,1530356
150,district,Urban,Male,827309
151,district,Rural,Male,886789
151,district,Urban,Male,185213
152,district,Rural,Male,1293714
152,district,Urban,Male,312689
153,district,Rural,Male,1880679
153,district,Urban,Male,242508
154,district,Rural,Male,2098123
154,district,Urban,Male,277141
155,district,Rural,Male,1906147
155,district,Urban,Male,285295
156,district,Rural,Male,1351897
156,district,Urban,Male,278190
157,district,Rural,Male,813752
157,district,Urban,Male,1580724
158,district,Rural,Male,1592449
158,district,Urban,Male,160093
159,district,Rural,Male,785301
159,district,Urban,Male,220939
160,district,Rural,Male,734245
160,district,Urban,Male,147531
161,district,Rural,Male,652740
161,district,Urban,Male,193116
162,district,Rural,Male,616494
162,district,Urban,Male,123546
163,district,Rural,Male,871508
163,district,Urban,Male,91747
164,district,Rural,Male,837260
164,district,Urban,Male,1622546
165,district,Rural,Male,683656
165,district,Urban,Male,222436
166,district,Rural,Male,615629
166,district,Urban,Male,441807
167,district,Rural,Male,549478
167,district,Urban,Male,91533
168,district,Rural,Male,481373
168,district,Urban,Male,112164
169,district,Rural,Male,368009
169,district,Urban,Male,98349
170,district,Rural,Male,819243
170,district,Urban,Male,146633
171,district,Rural,Male,476794
171,district,Urban,Male,50927
172,district,Rural,Male,1215690
172,district,Urban,Male,169032
173,district,Rural,Male,1515583
173,district,Urban,Male,90502
174,district,Rural,Male,773335
174,district,Urban,Male,65150
175,district,Rural,Male,2340959
175,district,Urban,Male,790848
176,district,Rural,Male,1533455
176,district,Urban,Male,173618
177,district,Rural,Male,1079257
177,district,Urban,Male,180371
178,district,Rural,Male,1067762
178,district,Urban,Male,144648
179,district,Rural,Male,1810496
179,district,Urban,Male,104090
180,district,Rural,Male,1695122
180,district,Urban,Male,148762
181,district,Rural,Male,573681
181,district,Urban,Male,20216
182,district,Rural,Male,1027943
182,district,Urban,Male,86778
183,district,Rural,Male,1669058
183,district,Urban,Male,118088
184,district,Rural,Male,1212141
184,district,Urban,Male,82954
185,district,Rural,Male,1182846
185,district,Urban,Male,72426
186,district,Rural,Male,802609
186,district,Urban,Male,67047
187,district,Rural,Male,1312126
187,district,Urban,Male,69628
188,district,Rural,Male,1838726
188,district,Urban,Male,439051
189,district,Rural,Male,1730377
189,district,Urban,Male,87678
190,district,Rural,Male,1373111
190,district,Urban,Male,164325
191,district,Rural,Male,2082707
191,district,Urban,Male,202297
192,district,Rural,Male,858843
192,district,Urban,Male,255866
193,district,Rural,Male,1514018
193,district,Urban,Male,158884
194,district,Rural,Male,2041217
194,district,Urban,Male,179248
195,district,Rural,Male,1711651
195,district,Urban,Male,143424
196,district,Rural,Male,890630
196,district,Urban,Male,127275
197,district,Rural,Male,1076526
197,district,Urban,Male,845331
198,district,Rural,Male,686589
198,district,Urban,Male,120510
199,district,Rural,Male,1127138
199,district,Urban,Male,185164
200,district,Rural,Male,803345
200,district,Urban,Male,167999
201,district,Rural,Male,805589
201,district,Urban,Male,141750
202,district,Rural,Male,612556
202,district,Urban,Male,151609
10,state,Rural,Male,48073850
10,state,Urban,Male,6204307
203,district,Rural,Male,1853809
203,district,Urban,Male,207301
204,district,Rural,Male,2468181
204,district,Urban,Male,213028
205,district,Rural,Male,331792
205,district,Urban,Male,14881
206,district,Rural,Male,1701685
206,district,Urban,Male,101567
207,district,Rural,Male,2244287
207,district,Urban,Male,85026
208,district,Rural,Male,1099495
208,district,Urban,Male,55788
209,district,Rural,Male,1374254
209,district,Urban,Male,89079
210,district,Rural,Male,783318
210,district,Urban,Male,83652
211,district,Rural,Male,1519522
211,district,Urban,Male,179848
212,district,Rural,Male,1455744
212,district,Urban,Male,144686
213,district,Rural,Male,1000760
213,district,Urban,Male,46799
214,district,Rural,Male,913883
214,district,Urban,Male,83291
215,district,Rural,Male,1858545
215,district,Urban,Male,201404
216,district,Rural,Male,2276812
216,district,Urban,Male,250685
217,district,Rural,Male,1184967
217,district,Urban,Male,82699
218,district,Rural,Male,1579685
218,district,Urban,Male,95405
219,district,Rural,Male,1838119
219,district,Urban,Male,184702
220,district,Rural,Male,1721221
220,district,Urban,Male,123314
221,district,Rural,Male,2152273
221,district,Urban,Male,77730
222,district,Rural,Male,1266308
222,district,Urban,Male,301352
223,district,Rural,Male,837281
223,district,Urban,Male,46505
224,district,Rural,Male,1295386
224,district,Urban,Male,320277
225,district,Rural,Male,1029097
225,district,Urban,Male,38043
226,district,Rural,Male,527299
226,district,Urban,Male,201742
227,district,Rural,Male,450863
227,district,Urban,Male,75482
228,district,Rural,Male,272360
228,district,Urban,Male,57383
229,district,Rural,Male,1257728
229,district,Urban,Male,239332
230,district,Rural,Male,1746025
230,district,Urban,Male,1332487
231,district,Rural,Male,1224274
231,district,Urban,Male,206106
232,district,Rural,Male,801086
232,district,Urban,Male,86891
233,district,Rural,Male,812298
233,district,Urban,Male,34708
234,district,Rural,Male,1318276
234,district,Urban,Male,225270
235,district,Rural,Male,1194619
235,district,Urban,Male,124065
236,district,Rural,Male,1960592
236,district,Urban,Male,305974
237,district,Rural,Male,1031656
237,district,Urban,Male,113012
238,district,Rural,Male,839776
238,district,Urban,Male,76288
239,district,Rural,Male,514154
239,district,Urban,Male,71428
240,district,Rural,Male,336420
240,district,Urban,Male,27077
11,state,Rural,Male,242797
11,state,Urban,Male,80273
241,district,Rural,Male,22274
241,district,Urban,Male,2456
242,district,Rural,Male,67528
242,district,Urban,Male,2710
243,district,Rural,Male,65848
243,district,Urban,Male,10822
244,district,Rural,Male,87147
244,district,Urban,Male,64285
12,state,Rural,Male,546011
12,state,Urban,Male,167901
245,district,Rural,Male,20792
245,district,Urban,Male,8359
246,district,Rural,Male,37809
246,district,Urban,Male,8346
247,district,Rural,Male,29506
247,district,Urban,Male,9269
248,district,Rural,Male,39935
248,district,Urban,Male,49247
249,district,Rural,Male,34840
249,district,Urban,Male,6918
250,district,Rural,Male,44687
250,district,Urban,Male,13481
251,district,Rural,Male,36147
251,district,Urban,Male,13969
252,district,Rural,Male,15335
252,district,Urban,Male,3364
253,district,Rural,Male,66283
253,district,Urban,Male,10665
254,district,Rural,Male,46185
254,district,Urban,Male,11419
255,district,Rural,Male,35460
255,district,Urban,Male,6383
256,district,Rural,Male,44072
256,district,Urban,Male,1246
257,district,Rural,Male,3098
257,district,Urban,Male,1316
258,district,Rural,Male,21989
258,district,Urban,Male,6064
259,district,Rural,Male,58991
259,district,Urban,Male,17230
260,district,Rural,Male,10882
260,district,Urban,Male,625
13,state,Rural,Male,725472
13,state,Urban,Male,299177
261,district,Rural,Male,113469
261,district,Urban,Male,18284
262,district,Rural,Male,71373
262,district,Urban,Male,29719
263,district,Rural,Male,56786
263,district,Urban,Male,14431
264,district,Rural,Male,66435
264,district,Urban,Male,18070
265,district,Rural,Male,93435
265,district,Urban,Male,103959
266,district,Rural,Male,70529
266,district,Urban,Male,13214
267,district,Rural,Male,82462
267,district,Urban,Male,19471
268,district,Rural,Male,22511
268,district,Urban,Male,3991
269,district,Rural,Male,29243
269,district,Urban,Male,8587
270,district,Rural,Male,76369
270,district,Urban,Male,62597
271,district,Rural,Male,42860
271,district,Urban,Male,6854
14,state,Rural,Male,1026884
14,state,Urban,Male,411702
272,district,Rural,Male,243603
272,district,Urban,Male,3720
273,district,Rural,Male,62534
273,district,Urban,Male,9837
274,district,Rural,Male,129659
274,district,Urban,Male,9161
275,district,Rural,Male,75171
275,district,Urban,Male,43611
276,district,Rural,Male,135470
276,district,Urban,Male,75375
277,district,Rural,Male,96948
277,district,Urban,Male,158106
278,district,Rural,Male,136789
278,district,Urban,Male,89305
279,district,Rural,Male,80801
279,district,Urban,Male,13917
280,district,Rural,Male,65909
280,district,Urban,Male,8670
15,state,Rural,Male,269135
15,state,Urban,Male,286204
281,district,Rural,Male,37135
281,district,Urban,Male,7693
282,district,Rural,Male,19097
282,district,Urban,Male,23821
283,district,Rural,Male,43780
283,district,Urban,Male,155490
284,district,Rural,Male,39110
284,district,Urban,Male,24278
285,district,Rural,Male,16643
285,district,Urban,Male,16208
286,district,Rural,Male,47577
286,district,Urban,Male,35314
287,district,Rural,Male,49940
287,district,Urban,Male,10659
288,district,Rural,Male,15853
288,district,Urban,Male,12741
16,state,Rural,Male,1387173
16,state,Urban,Male,487203
289,district,Rural,Male,536720
289,district,Urban,Male,342708
290,district,Rural,Male,384787
290,district,Urban,Male,62757
291,district,Rural,Male,173773
291,district,Urban,Male,20771
292,district,Rural,Male,291893
292,district,Urban,Male,60967
17,state,Rural,Male,1194260
17,state,Urban,Male,297572
293,district,Rural,Male,286923
293,district,Urban,Male,37236
294,district,Rural,Male,138763
294,district,Urban,Male,22460
295,district,Rural,Male,66470
295,district,Urban,Male,6700
296,district,Rural,Male,172380
296,district,Urban,Male,21335
297,district,Rural,Male,118705
297,district,Urban,Male,13826
298,district,Rural,Male,228409
298,district,Urban,Male,182340
299,district,Rural,Male,182610
299,district,Urban,Male,13675
18,state,Rural,Male,13678989
18,state,Urban,Male,2260454
300,district,Rural,Male,424446
300,district,Urban,Male,28459
301,district,Rural,Male,893914
301,district,Urban,Male,103934
302,district,Rural,Male,443244
302,district,Urban,Male,70048
303,district,Rural,Male,791789
303,district,Urban,Male,75215
304,district,Rural,Male,449123
304,district,Urban,Male,37528
305,district,Rural,Male,1250985
305,district,Urban,Male,188127
306,district,Rural,Male,894985
306,district,Urban,Male,88919
307,district,Rural,Male,482582
307,district,Urban,Male,47092
308,district,Rural,Male,326278
308,district,Urban,Male,24971
309,district,Rural,Male,541395
309,district,Urban,Male,138836
310,district,Rural,Male,550299
310,district,Urban,Male,126135
311,district,Rural,Male,531286
311,district,Urban,Male,57930
312,district,Rural,Male,442968
312,district,Urban,Male,113837
313,district,Rural,Male,493125
313,district,Urban,Male,50036
314,district,Rural,Male,431924
314,district,Urban,Male,58243
315,district,Rural,Male,77817
315,district,Urban,Male,32985
316,district,Rural,Male,727083
316,district,Urban,Male,159201
317,district,Rural,Male,570510
317,district,Urban,Male,55354
318,district,Rural,Male,313747
318,district,Urban,Male,24143
319,district,Rural,Male,319786
319,district,Urban,Male,56032
320,district,Rural,Male,226895
320,district,Urban,Male,17965
321,district,Rural,Male,706140
321,district,Urban,Male,72321
322,district,Rural,Male,111062
322,district,Urban,Male,536523
323,district,Rural,Male,353677
323,district,Urban,Male,42329
324,district,Rural,Male,475027
324,district,Urban,Male,6303
325,district,Rural,Male,446460
325,district,Urban,Male,28813
326,district,Rural,Male,402442
326,district,Urban,Male,19175
19,state,Rural,Male,31844945
19,state,Urban,Male,14964082
327,district,Rural,Male,566965
327,district,Urban,Male,370294
328,district,Rural,Male,1437286
328,district,Urban,Male,545778
329,district,Rural,Male,1304916
329,district,Urban,Male,146626
330,district,Rural,Male,1362469
330,district,Urban,Male,188597
331,district,Rural,Male,737771
331,district,Urban,Male,119428
332,district,Rural,Male,1768336
332,district,Urban,Male,283205
333,district,Rural,Male,2917822
333,district,Urban,Male,709742
334,district,Rural,Male,1561976
334,district,Urban,Male,228944
335,district,Rural,Male,2373787
335,district,Urban,Male,1593102
336,district,Rural,Male,1921112
336,district,Urban,Male,732656
337,district,Rural,Male,2196554
337,district,Urban,Male,2922835
338,district,Rural,Male,1722945
338,district,Urban,Male,1091708
339,district,Rural,Male,1685777
339,district,Urban,Male,152318
340,district,Rural,Male,1304208
340,district,Urban,Male,192788
341,district,Rural,Male,909519
341,district,Urban,Male,1591300
342,district,Rural,Male,0
342,district,Urban,Male,2356766
343,district,Rural,Male,3109219
343,district,Urban,Male,1064559
344,district,Rural,Male,2641721
344,district,Urban,Male,366164
345,district,Rural,Male,2322562
345,district,Urban,Male,307272
20,state,Rural,Male,12776486
20,state,Urban,Male,4153829
346,district,Rural,Male,646947
346,district,Urban,Male,36628
347,district,Rural,Male,500211
347,district,Urban,Male,33724
348,district,Rural,Male,293595
348,district,Urban,Male,73627
349,district,Rural,Male,1149608
349,district,Urban,Male,108490
350,district,Rural,Male,638136
350,district,Urban,Male,136886
351,district,Rural,Male,643907
351,district,Urban,Male,34020
352,district,Rural,Male,505892
352,district,Urban,Male,83499
353,district,Rural,Male,418251
353,district,Urban,Male,34410
354,district,Rural,Male,581956
354,district,Urban,Male,824000
355,district,Rural,Male,554954
355,district,Urban,Male,517853
356,district,Rural,Male,203255
356,district,Urban,Male,29374
357,district,Rural,Male,514498
357,district,Urban,Male,662404
358,district,Rural,Male,887551
358,district,Urban,Male,118751
359,district,Rural,Male,342566
359,district,Urban,Male,27100
360,district,Rural,Male,746934
360,district,Urban,Male,143947
361,district,Rural,Male,272167
361,district,Urban,Male,222063
362,district,Rural,Male,620928
362,district,Urban,Male,47586
363,district,Rural,Male,365043
363,district,Urban,Male,39787
364,district,Rural,Male,840528
364,district,Urban,Male,654409
365,district,Rural,Male,243494
365,district,Urban,Male,22841
366,district,Rural,Male,481135
366,district,Urban,Male,33255
367,district,Rural,Male,278425
367,district,Urban,Male,21884
368,district,Rural,Male,637657
368,district,Urban,Male,111728
369,district,Rural,Male,408848
369,district,Urban,Male,135563
21,state,Rural,Male,17586203
21,state,Urban,Male,3625933
370,district,Rural,Male,672603
370,district,Urban,Male,76558
371,district,Rural,Male,176162
371,district,Urban,Male,120528
372,district,Rural,Male,368692
372,district,Urban,Male,158185
373,district,Rural,Male,146666
373,district,Urban,Male,11564
374,district,Rural,Male,676068
374,district,Urban,Male,385079
375,district,Rural,Male,774667
375,district,Urban,Male,131820
376,district,Rural,Male,1157576
376,district,Urban,Male,98637
377,district,Rural,Male,1056466
377,district,Urban,Male,129321
378,district,Rural,Male,665255
378,district,Urban,Male,95005
379,district,Rural,Male,675053
379,district,Urban,Male,42761
380,district,Rural,Male,516813
380,district,Urban,Male,61052
381,district,Rural,Male,970885
381,district,Urban,Male,381875
382,district,Rural,Male,856539
382,district,Urban,Male,69495
383,district,Rural,Male,551326
383,district,Urban,Male,61267
384,district,Rural,Male,546385
384,district,Urban,Male,109333
385,district,Rural,Male,461019
385,district,Urban,Male,41617
386,district,Rural,Male,595809
386,district,Urban,Male,571328
387,district,Rural,Male,728213
387,district,Urban,Male,137167
388,district,Rural,Male,1383636
388,district,Urban,Male,395582
389,district,Rural,Male,247655
389,district,Urban,Male,35227
390,district,Rural,Male,323523
390,district,Urban,Male,36422
391,district,Rural,Male,211133
391,district,Urban,Male,10492
392,district,Rural,Male,285634
392,district,Urban,Male,25678
393,district,Rural,Male,728770
393,district,Urban,Male,101327
394,district,Rural,Male,284792
394,district,Urban,Male,17170
395,district,Rural,Male,724646
395,district,Urban,Male,62455
396,district,Rural,Male,397774
396,district,Urban,Male,74186
397,district,Rural,Male,560771
397,district,Urban,Male,44041
398,district,Rural,Male,563771
398,district,Urban,Male,115038
399,district,Rural,Male,277901
399,district,Urban,Male,25723
22,state,Rural,Male,9797426
22,state,Urban,Male,3035469
400,district,Rural,Male,228338
400,district,Urban,Male,106399
401,district,Rural,Male,1067908
401,district,Urban,Male,125221
402,district,Rural,Male,386307
402,district,Urban,Male,38440
403,district,Rural,Male,623817
403,district,Urban,Male,126461
404,district,Rural,Male,381424
404,district,Urban,Male,231491
405,district,Rural,Male,701401
405,district,Urban,Male,114316
406,district,Rural,Male,1002520
406,district,Urban,Male,349054
407,district,Rural,Male,367941
407,district,Urban,Male,44117
408,district,Rural,Male,626212
408,district,Urban,Male,136643
409,district,Rural,Male,1026152
409,district,Urban,Male,655949
410,district,Rural,Male,1288567
410,district,Urban,Male,759619
411,district,Rural,Male,451691
411,district,Urban,Male,60276
412,district,Rural,Male,323420
412,district,Urban,Male,74477
413,district,Rural,Male,335149
413,district,Urban,Male,38189
414,district,Rural,Male,600652
414,district,Urban,Male,97835
415,district,Rural,Male,58653
415,district,Urban,Male,11451
416,district,Rural,Male,213930
416,district,Urban,Male,50212
417,district,Rural,Male,113344
417,district,Urban,Male,15319
23,state,Rural,Male,27149388
23,state,Urban,Male,10462918
418,district,Rural,Male,305360
418,district,Urban,Male,56424
419,district,Rural,Male,815218
419,district,Urban,Male,253199
420,district,Rural,Male,694756
420,district,Urban,Male,232087
421,district,Rural,Male,409349
421,district,Urban,Male,680978
422,district,Rural,Male,323966
422,district,Urban,Male,96191
423,district,Rural,Male,763554
423,district,Urban,Male,156241
424,district,Rural,Male,629477
424,district,Urban,Male,130878
425,district,Rural,Male,725273
425,district,Urban,Male,210848
426,district,Rural,Male,467473
426,district,Urban,Male,66007
427,district,Rural,Male,884133
427,district,Urban,Male,372124
428,district,Rural,Male,530471
428,district,Urban,Male,131402
429,district,Rural,Male,907904
429,district,Urban,Male,249591
430,district,Rural,Male,1017839
430,district,Urban,Male,207261
431,district,Rural,Male,273064
431,district,Urban,Male,57610
432,district,Rural,Male,295013
432,district,Urban,Male,127640
433,district,Rural,Male,540987
433,district,Urban,Male,141864
434,district,Rural,Male,516468
434,district,Urban,Male,221773
435,district,Rural,Male,616353
435,district,Urban,Male,399936
436,district,Rural,Male,629273
436,district,Urban,Male,151247
437,district,Rural,Male,571720
437,district,Urban,Male,233639
438,district,Rural,Male,895113
438,district,Urban,Male,217612
439,district,Rural,Male,436755
439,district,Urban,Male,1262872
440,district,Rural,Male,799396
440,district,Urban,Male,153725
441,district,Rural,Male,594907
441,district,Urban,Male,104433
442,district,Rural,Male,648407
442,district,Urban,Male,141805
443,district,Rural,Male,591962
443,district,Urban,Male,177606
444,district,Rural,Male,238025
444,district,Urban,Male,998105
445,district,Rural,Male,554636
445,district,Urban,Male,129107
446,district,Rural,Male,539960
446,district,Urban,Male,160398
447,district,Rural,Male,640358
447,district,Urban,Male,158878
448,district,Rural,Male,233312
448,district,Urban,Male,61526
449,district,Rural,Male,445062
449,district,Urban,Male,203663
450,district,Rural,Male,525188
450,district,Urban,Male,136825
451,district,Rural,Male,527031
451,district,Urban,Male,750247
452,district,Rural,Male,462699
452,district,Urban,Male,106111
453,district,Rural,Male,335393
453,district,Urban,Male,16520
454,district,Rural,Male,459151
454,district,Urban,Male,66121
455,district,Rural,Male,806199
455,district,Urban,Male,258269
456,district,Rural,Male,612314
456,district,Urban,Male,83565
457,district,Rural,Male,719794
457,district,Urban,Male,122384
458,district,Rural,Male,486127
458,district,Urban,Male,163235
459,district,Rural,Male,363411
459,district,Urban,Male,80426
460,district,Rural,Male,426583
460,district,Urban,Male,113438
461,district,Rural,Male,272030
461,district,Urban,Male,107084
462,district,Rural,Male,527378
462,district,Urban,Male,48534
463,district,Rural,Male,493324
463,district,Urban,Male,120313
464,district,Rural,Male,467468
464,district,Urban,Male,47555
465,district,Rural,Male,333593
465,district,Urban,Male,28949
466,district,Rural,Male,541183
466,district,Urban,Male,133146
467,district,Rural,Male,254978
467,district,Urban,Male,133526
24,state,Rural,Male,17799159
24,state,Urban,Male,13692101
468,district,Rural,Male,713524
468,district,Urban,Male,383213
469,district,Rural,Male,1393741
469,district,Urban,Male,216638
470,district,Rural,Male,548324
470,district,Urban,Male,146073
471,district,Rural,Male,787175
471,district,Urban,Male,269345
472,district,Rural,Male,1056141
472,district,Urban,Male,188090
473,district,Rural,Male,408436
473,district,Urban,Male,315428
474,district,Rural,Male,595583
474,district,Urban,Male,3192468
475,district,Rural,Male,649475
475,district,Urban,Male,260442
476,district,Rural,Male,816264
476,district,Urban,Male,1158181
477,district,Rural,Male,610088
477,district,Urban,Male,504104
478,district,Rural,Male,153260
478,district,Urban,Male,146949
479,district,Rural,Male,940271
479,district,Urban,Male,464085
480,district,Rural,Male,572554
480,district,Urban,Male,198495
481,district,Rural,Male,868833
481,district,Urban,Male,621368
482,district,Rural,Male,758499
482,district,Urban,Male,328725
483,district,Rural,Male,915197
483,district,Urban,Male,270530
484,district,Rural,Male,1053376
484,district,Urban,Male,173585
485,district,Rural,Male,970963
485,district,Urban,Male,97688
486,district,Rural,Male,1077943
486,district,Urban,Male,1075793
487,district,Rural,Male,269408
487,district,Urban,Male,31678
488,district,Rural,Male,529393
488,district,Urban,Male,276314
489,district,Rural,Male,101710
489,district,Urban,Male,12111
490,district,Rural,Male,464749
490,district,Urban,Male,213416
491,district,Rural,Male,542644
491,district,Urban,Male,344578
492,district,Rural,Male,640060
492,district,Urban,Male,2762164
493,district,Rural,Male,361548
493,district,Urban,Male,40640
25,state,Rural,Male,32395
25,state,Urban,Male,117906
494,district,Rural,Male,14028
494,district,Urban,Male,11614
495,district,Rural,Male,18367
495,district,Urban,Male,106292
26,state,Rural,Male,98305
26,state,Urban,Male,95455
496,district,Rural,Male,98305
496,district,Urban,Male,95455
27,state,Rural,Male,31539034
27,state,Urban,Male,26704022
497,district,Rural,Male,687671
497,district,Urban,Male,145499
498,district,Rural,Male,758916
498,district,Urban,Male,295115
499,district,Rural,Male,1500514
499,district,Urban,Male,696851
500,district,Rural,Male,1055242
500,district,Urban,Male,282318
501,district,Rural,Male,563933
501,district,Urban,Male,368401
502,district,Rural,Male,511727
502,district,Urban,Male,108575
503,district,Rural,Male,950633
503,district,Urban,Male,530135
504,district,Rural,Male,451874
504,district,Urban,Male,216511
505,district,Rural,Male,758357
505,district,Urban,Male,1626618
506,district,Rural,Male,487484
506,district,Urban,Male,118036
507,district,Rural,Male,547934
507,district,Urban,Male,113620
508,district,Rural,Male,481290
508,district,Urban,Male,60038
509,district,Rural,Male,726106
509,district,Urban,Male,397728
510,district,Rural,Male,1115148
510,district,Urban,Male,304817
511,district,Rural,Male,1258160
511,district,Urban,Male,471915
512,district,Rural,Male,514430
512,district,Urban,Male,91864
513,district,Rural,Male,651886
513,district,Urban,Male,290984
514,district,Rural,Male,817279
514,district,Urban,Male,194194
515,district,Rural,Male,1081825
515,district,Urban,Male,842644
516,district,Rural,Male,1804712
516,district,Urban,Male,1352474
517,district,Rural,Male,1300136
517,district,Urban,Male,4564942
518,district,Rural,Male,0
518,district,Urban,Male,5031323
519,district,Rural,Male,0
519,district,Urban,Male,1684608
520,district,Rural,Male,836996
520,district,Urban,Male,507349
521,district,Rural,Male,1903440
521,district,Urban,Male,3020665
522,district,Rural,Male,1872907
522,district,Urban,Male,469918
523,district,Rural,Male,1082978
523,district,Urban,Male,266128
524,district,Rural,Male,949707
524,district,Urban,Male,323433
525,district,Rural,Male,716237
525,district,Urban,Male,145298
526,district,Rural,Male,1518343
526,district,Urban,Male,709509
527,district,Rural,Male,1219749
527,district,Urban,Male,291093
528,district,Rural,Male,630213
528,district,Urban,Male,130908
529,district,Rural,Male,363268
529,district,Urban,Male,54064
530,district,Rural,Male,1348815
530,district,Urban,Male,631843
531,district,Rural,Male,1071124
531,district,Urban,Male,364604
28,state,Rural,Male,28243241
28,state,Urban,Male,14198905
532,district,Rural,Male,985303
532,district,Urban,Male,384294
533,district,Rural,Male,958837
533,district,Urban,Male,291804
534,district,Rural,Male,1401950
534,district,Urban,Male,478850
535,district,Rural,Male,1152806
535,district,Urban,Male,370224
536,district,Rural,Male,0
536,district,Urban,Male,2018575
537,district,Rural,Male,801013
537,district,Urban,Male,1899995
538,district,Rural,Male,1742438
538,district,Urban,Male,307948
539,district,Rural,Male,1427716
539,district,Urban,Male,332056
540,district,Rural,Male,1260594
540,district,Urban,Male,498687
541,district,Rural,Male,1066781
541,district,Urban,Male,324207
542,district,Rural,Male,1126888
542,district,Urban,Male,214850
543,district,Rural,Male,920428
543,district,Urban,Male,241049
544,district,Rural,Male,1113234
544,district,Urban,Male,1025676
545,district,Rural,Male,1922293
545,district,Urban,Male,647395
546,district,Rural,Male,1567013
546,district,Urban,Male,397905
547,district,Rural,Male,1343534
547,district,Urban,Male,923841
548,district,Rural,Male,1621491
548,district,Urban,Male,819030
549,district,Rural,Male,1382641
549,district,Urban,Male,332123
550,district,Rural,Male,1060810
550,district,Urban,Male,432164
551,district,Rural,Male,959693
551,district,Urban,Male,492084
552,district,Rural,Male,1464569
552,district,Urban,Male,574658
553,district,Rural,Male,1489157
553,district,Urban,Male,575338
554,district,Rural,Male,1474052
554,district,Urban,Male,616152
29,state,Rural,Male,18929354
29,state,Urban,Male,12037303
555,district,Rural,Male,1811094
555,district,Urban,Male,611969
556,district,Rural,Male,650267
556,district,Urban,Male,299844
557,district,Rural,Male,857562
557,district,Urban,Male,253460
558,district,Rural,Male,651250
558,district,Urban,Male,219415
559,district,Rural,Male,717972
559,district,Urban,Male,246539
560,district,Rural,Male,582958
560,district,Urban,Male,116968
561,district,Rural,Male,347585
561,district,Urban,Male,189562
562,district,Rural,Male,409416
562,district,Urban,Male,527790
563,district,Rural,Male,514910
563,district,Urban,Male,211346
564,district,Rural,Male,638450
564,district,Urban,Male,180678
565,district,Rural,Male,774093
565,district,Urban,Male,462861
566,district,Rural,Male,675573
566,district,Urban,Male,165270
567,district,Rural,Male,668267
567,district,Urban,Male,318133
568,district,Rural,Male,565821
568,district,Urban,Male,311594
569,district,Rural,Male,398847
569,district,Urban,Male,163284
570,district,Rural,Male,447545
570,district,Urban,Male,119077
571,district,Rural,Male,1048710
571,district,Urban,Male,301884
572,district,Rural,Male,464256
572,district,Urban,Male,4558405
573,district,Rural,Male,751243
573,district,Urban,Male,153842
574,district,Rural,Male,695583
574,district,Urban,Male,188084
575,district,Rural,Male,541484
575,district,Urban,Male,493230
576,district,Rural,Male,234161
576,district,Urban,Male,40447
577,district,Rural,Male,887500
577,district,Urban,Male,624100
578,district,Rural,Male,424884
578,district,Urban,Male,87347
579,district,Rural,Male,877144
579,district,Urban,Male,424611
580,district,Rural,Male,479078
580,district,Urban,Male,111251
581,district,Rural,Male,535431
581,district,Urban,Male,240965
582,district,Rural,Male,494463
582,district,Urban,Male,141974
583,district,Rural,Male,371369
583,district,Urban,Male,137803
584,district,Rural,Male,412438
584,district,Urban,Male,135570
30,state,Rural,Male,275436
30,state,Urban,Male,463704
585,district,Rural,Male,163908
585,district,Urban,Male,252769
586,district,Rural,Male,111528
586,district,Urban,Male,210935
31,state,Rural,Male,7243
31,state,Urban,Male,25880
587,district,Rural,Male,7243
587,district,Urban,Male,25880
32,state,Rural,Male,8408054
32,state,Urban,Male,7619358
588,district,Rural,Male,387716
588,district,Urban,Male,240897
589,district,Rural,Male,425682
589,district,Urban,Male,755764
590,district,Rural,Male,386283
590,district,Urban,Male,15401
591,district,Rural,Male,484784
591,district,Urban,Male,986158
592,district,Rural,Male,1095308
592,district,Urban,Male,865020
593,district,Rural,Male,1031466
593,district,Urban,Male,328012
594,district,Rural,Male,488303
594,district,Urban,Male,992460
595,district,Rural,Male,518510
595,district,Urban,Male,1101047
596,district,Rural,Male,527245
596,district,Urban,Male,25563
597,district,Rural,Male,692673
597,district,Urban,Male,275616
598,district,Rural,Male,464713
598,district,Urban,Male,548429
599,district,Rural,Male,499820
599,district,Urban,Male,61896
600,district,Rural,Male,680687
600,district,Urban,Male,566281
601,district,Rural,Male,724864
601,district,Urban,Male,856814
33,state,Rural,Male,18679065
33,state,Urban,Male,17458910
602,district,Rural,Male,650462
602,district,Urban,Male,1225600
603,district,Rural,Male,0
603,district,Urban,Male,2335844
604,district,Rural,Male,734979
604,district,Urban,Male,1277979
605,district,Rural,Male,1117101
605,district,Urban,Male,844587
606,district,Rural,Male,989726
606,district,Urban,Male,246163
607,district,Rural,Male,1481475
607,district,Urban,Male,259344
608,district,Rural,Male,883274
608,district,Urban,Male,898297
609,district,Rural,Male,520684
609,district,Urban,Male,348596
610,district,Rural,Male,552393
610,district,Urban,Male,577475
611,district,Rural,Male,145909
611,district,Urban,Male,214234
612,district,Rural,Male,678605
612,district,Urban,Male,402333
613,district,Rural,Male,312628
613,district,Urban,Male,215556
614,district,Rural,Male,688552
614,district,Urban,Male,663732
615,district,Rural,Male,233926
615,district,Urban,Male,48231
616,district,Rural,Male,333253
616,district,Urban,Male,41450
617,district,Rural,Male,868861
617,district,Urban,Male,442836
618,district,Rural,Male,619369
618,district,Urban,Male,178758
619,district,Rural,Male,499954
619,district,Urban,Male,126739
620,district,Rural,Male,765177
620,district,Urban,Male,417239
621,district,Rural,Male,645505
621,district,Urban,Male,157683
622,district,Rural,Male,462210
622,district,Urban,Male,206462
623,district,Rural,Male,601247
623,district,Urban,Male,925228
624,district,Rural,Male,290880
624,district,Urban,Male,334803
625,district,Rural,Male,480360
625,district,Urban,Male,487349
626,district,Rural,Male,474508
626,district,Urban,Male,208150
627,district,Rural,Male,430361
627,district,Urban,Male,434660
628,district,Rural,Male,768728
628,district,Urban,Male,752184
629,district,Rural,Male,164938
629,district,Urban,Male,761407
630,district,Rural,Male,643215
630,district,Urban,Male,131088
631,district,Rural,Male,742444
631,district,Urban,Male,217788
632,district,Rural,Male,419032
632,district,Urban,Male,1310265
633,district,Rural,Male,479309
633,district,Urban,Male,766850
34,state,Rural,Male,194907
34,state,Urban,Male,417604
634,district,Rural,Male,0
634,district,Urban,Male,27301
635,district,Rural,Male,144769
635,district,Urban,Male,323489
636,district,Rural,Male,0
636,district,Urban,Male,19143
637,district,Rural,Male,50138
637,district,Urban,Male,47671
35,state,Rural,Male,126287
35,state,Urban,Male,76584
638,district,Rural,Male,20727
638,district,Urban,Male,0
639,district,Rural,Male,53457
639,district,Urban,Male,1404
640,district,Rural,Male,52103
640,district,Urban,Male,75180
1,state,Rural,Female,4333583
1,state,Urban,Female,1567057
1,district,Rural,Female,353587
1,district,Urban,Female,42577
2,district,Rural,Female,312448
2,district,Urban,Female,43256
3,district,Rural,Female,39405
3,district,Urban,Female,15111
4,district,Rural,Female,56761
4,district,Urban,Female,6256
5,district,Rural,Female,208431
5,district,Urban,Female,16505
6,district,Rural,Female,279353
6,district,Urban,Female,17711
7,district,Rural,Female,248596
7,district,Urban,Female,41730
8,district,Rural,Female,393140
8,district,Urban,Female,80166
9,district,Rural,Female,154608
9,district,Urban,Female,29944
10,district,Rural,Female,8397
10,district,Urban,Female,577308
11,district,Rural,Female,116692
11,district,Urban,Female,22034
12,district,Rural,Female,231882
12,district,Urban,Female,35494
13,district,Rural,Female,122694
13,district,Urban,Female,7041
14,district,Rural,Female,384793
14,district,Urban,Female,134132
15,district,Rural,Female,168296
15,district,Urban,Female,38567
16,district,Rural,Female,181817
16,district,Urban,Female,14478
17,district,Rural,Female,129585
17,district,Urban,Female,4996
18,district,Rural,Female,103845
18,district,Urban,Female,6686
19,district,Rural,Female,213803
19,district,Urban,Female,44398
20,district,Rural,Female,136190
20,district,Urban,Female,12016
21,district,Rural,Female,363342
21,district,Urban,Female,352795
22,district,Rural,Female,125918
22,district,Urban,Female,23856
2,state,Rural,Female,3065705
2,state,Urban,Female,317024
23,district,Rural,Female,241009
23,district,Urban,Female,16751
24,district,Rural,Female,718429
24,district,Urban,Female,41055
25,district,Rural,Female,14976
25,district,Urban,Female,0
26,district,Rural,Female,193243
26,district,Urban,Female,19208
27,district,Rural,Female,471090
27,district,Urban,Female,30622
28,district,Rural,Female,222590
28,district,Urban,Female,15108
29,district,Rural,Female,236006
29,district,Urban,Female,21475
30,district,Rural,Female,177174
30,district,Urban,Female,12018
31,district,Rural,Female,228437
31,district,Urban,Female,43129
32,district,Rural,Female,226515
32,district,Urban,Female,27051
33,district,Rural,Female,298364
33,district,Urban,Female,90607
34,district,Rural,Female,37872
34,district,Urban,Female,0
3,state,Rural,Female,8250716
3,state,Urban,Female,4853157
35,district,Rural,Female,783220
35,district,Urban,Female,302486
36,district,Rural,Female,256774
36,district,Urban,Female,132083
37,district,Rural,Female,503629
37,district,Urban,Female,544750
38,district,Rural,Female,617186
38,district,Urban,Female,160382
39,district,Rural,Female,238776
39,district,Urban,Female,60243
40,district,Rural,Female,194631
40,district,Urban,Female,84737
41,district,Rural,Female,675587
41,district,Urban,Female,955336
42,district,Rural,Female,362796
42,district,Urban,Female,107030
43,district,Rural,Female,700310
43,district,Urban,Female,257127
44,district,Rural,Female,307503
44,district,Urban,Female,118771
45,district,Rural,Female,189675
45,district,Urban,Female,101162
46,district,Rural,Female,414824
46,district,Urban,Female,230504
47,district,Rural,Female,283963
47,district,Urban,Female,77056
48,district,Rural,Female,533606
48,district,Urban,Female,359558
49,district,Rural,Female,548779
49,district,Urban,Female,623469
50,district,Rural,Female,463510
50,district,Urban,Female,66748
51,district,Rural,Female,242731
51,district,Urban,Female,84411
52,district,Rural,Female,209033
52,district,Urban,Female,256342
53,district,Rural,Female,534551
53,district,Urban,Female,242589
54,district,Rural,Female,189632
54,district,Urban,Female,88373
4,state,Rural,Female,11841
4,state,Urban,Female,462946
55,district,Rural,Female,11841
55,district,Urban,Female,462946
5,state,Rural,Female,3517912
5,state,Urban,Female,1430607
56,district,Rural,Female,150406
56,district,Urban,Female,11083
57,district,Rural,Female,171840
57,district,Urban,Female,25774
58,district,Rural,Female,123620
58,district,Urban,Female,4076
59,district,Rural,Female,289411
59,district,Urban,Female,31534
60,district,Rural,Female,361862
60,district,Urban,Female,442633
61,district,Rural,Female,306539
61,district,Urban,Female,53903
62,district,Rural,Female,210904
62,district,Urban,Female,33229
63,district,Rural,Female,131204
63,district,Urban,Female,4368
64,district,Rural,Female,302833
64,district,Urban,Female,28592
65,district,Rural,Female,110463
65,district,Urban,Female,18060
66,district,Rural,Female,283614
66,district,Urban,Female,177325
67,district,Rural,Female,511672
67,district,Urban,Female,278447
68,district,Rural,Female,563544
68,district,Urban,Female,321583
6,state,Rural,Female,7735353
6,state,Urban,Female,4121375
69,district,Rural,Female,114910
69,district,Urban,Female,146704
70,district,Rural,Female,295873
70,district,Urban,Female,233774
71,district,Rural,Female,347419
71,district,Urban,Female,220068
72,district,Rural,Female,324410
72,district,Urban,Female,129269
73,district,Rural,Female,392362
73,district,Urban,Female,110939
74,district,Rural,Female,493404
74,district,Urban,Female,214208
75,district,Rural,Female,300710
75,district,Urban,Female,257870
76,district,Rural,Female,457887
76,district,Urban,Female,210815
77,district,Rural,Female,478050
77,district,Urban,Female,143096
78,district,Rural,Female,361609
78,district,Urban,Female,85042
79,district,Rural,Female,461764
79,district,Urban,Female,150843
80,district,Rural,Female,556304
80,district,Urban,Female,256065
81,district,Rural,Female,616911
81,district,Urban,Female,150862
82,district,Rural,Female,283006
82,district,Urban,Female,209719
83,district,Rural,Female,330847
83,district,Urban,Female,112891
84,district,Rural,Female,372875
84,district,Urban,Female,62548
85,district,Rural,Female,317192
85,district,Urban,Female,108805
86,district,Rural,Female,220717
86,district,Urban,Female,477025
87,district,Rural,Female,459071
87,district,Urban,Female,59030
88,district,Rural,Female,172775
88,district,Urban,Female,670848
89,district,Rural,Female,377257
89,district,Urban,Female,110954
7,state,Rural,Female,192721
7,state,Urban,Female,7607894
90,district,Rural,Female,98270
90,district,Urban,Female,1597347
91,district,Rural,Female,8200
91,district,Urban,Female,404776
92,district,Rural,Female,9809
92,district,Urban,Female,1043390
93,district,Rural,Female,1669
93,district,Urban,Female,800177
94,district,Rural,Female,0
94,district,Urban,Female,64062
95,district,Rural,Female,0
95,district,Urban,Female,274499
96,district,Rural,Female,3065
96,district,Urban,Female,1183938
97,district,Rural,Female,66334
97,district,Urban,Female,980578
98,district,Rural,Female,5374
98,district,Urban,Female,1259127
8,state,Rural,Female,24858605
8,state,Urban,Female,8138835
99,district,Rural,Female,675467
99,district,Urban,Female,250361
100,district,Rural,Female,677341
100,district,Urban,Female,166167
101,district,Rural,Female,742119
101,district,Urban,Female,381017
102,district,Rural,Female,708284
102,district,Urban,Female,279817
103,district,Rural,Female,805248
103,district,Urban,Female,235901
104,district,Rural,Female,1430220
104,district,Urban,Female,304933
105,district,Rural,Female,960006
105,district,Urban,Female,232730
106,district,Rural,Female,438136
106,district,Urban,Female,114733
107,district,Rural,Female,571958
107,district,Urban,Female,102651
108,district,Rural,Female,504492
108,district,Urban,Female,127028
109,district,Rural,Female,680716
109,district,Urban,Female,95906
110,district,Rural,Female,1511407
110,district,Urban,Female,1646264
111,district,Rural,Female,995958
111,district,Urban,Female,306385
112,district,Rural,Female,1301768
112,district,Urban,Female,309650
113,district,Rural,Female,1162223
113,district,Urban,Female,601014
114,district,Rural,Female,268447
114,district,Urban,Female,39764
115,district,Rural,Female,1148665
115,district,Urban,Female,86064
116,district,Rural,Female,819356
116,district,Urban,Female,72740
117,district,Rural,Female,403440
117,district,Urban,Female,98675
118,district,Rural,Female,790008
118,district,Urban,Female,222143
119,district,Rural,Female,758245
119,district,Urban,Female,500722
120,district,Rural,Female,535558
120,district,Urban,Female,157632
121,district,Rural,Female,426471
121,district,Urban,Female,107275
122,district,Rural,Female,940491
122,district,Urban,Female,247296
123,district,Rural,Female,485817
123,district,Urban,Female,89441
124,district,Rural,Female,648763
124,district,Urban,Female,43257
125,district,Rural,Female,827097
125,district,Urban,Female,62634
126,district,Rural,Female,622659
126,district,Urban,Female,138508
127,district,Rural,Female,373079
127,district,Urban,Female,556774
128,district,Rural,Female,466313
128,district,Urban,Female,122497
129,district,Rural,Female,575305
129,district,Urban,Female,110681
130,district,Rural,Female,1208678
130,district,Urban,Female,292941
131,district,Rural,Female,394870
131,district,Urban,Female,35234
9,state,Rural,Female,74324283
9,state,Urban,Female,21007548
132,district,Rural,Female,1130053
132,district,Urban,Female,502223
133,district,Rural,Female,1387196
133,district,Urban,Female,562882
134,district,Rural,Female,1318989
134,district,Urban,Female,442509
135,district,Rural,Female,1518361
135,district,Urban,Female,750459
136,district,Rural,Female,830294
136,district,Urban,Female,281636
137,district,Rural,Female,656969
137,district,Urban,Female,219803
138,district,Rural,Female,789587
138,district,Urban,Female,828359
139,district,Rural,Female,474216
139,district,Urban,Female,128762
140,district,Rural,Female,710876
140,district,Urban,Female,1481935
141,district,Rural,Female,314201
141,district,Urban,Female,443700
142,district,Rural,Female,1241252
142,district,Urban,Female,412659
143,district,Rural,Female,1147775
143,district,Urban,Female,574118
144,district,Rural,Female,572201
144,district,Urban,Female,156380
145,district,Rural,Female,829163
145,district,Urban,Female,350896
146,district,Rural,Female,1109418
146,district,Urban,Female,944426
147,district,Rural,Female,773115
147,district,Urban,Female,392995
148,district,Rural,Female,737713
148,district,Urban,Female,137439
149,district,Rural,Female,1406925
149,district,Urban,Female,307212
150,district,Rural,Female,1349594
150,district,Urban,Female,741100
151,district,Rural,Female,792803
151,district,Urban,Female,166202
152,district,Rural,Female,1118732
152,district,Urban,Female,281403
153,district,Rural,Female,1679529
153,district,Urban,Female,218527
154,district,Rural,Female,1855085
154,district,Urban,Female,253643
155,district,Rural,Female,1644892
155,district,Urban,Female,256511
156,district,Rural,Female,1224824
156,district,Urban,Female,253456
157,district,Rural,Female,737090
157,district,Urban,Female,1458272
158,district,Rural,Female,1505115
158,district,Urban,Female,147902
159,district,Rural,Female,683718
159,district,Urban,Female,195246
160,district,Rural,Female,641530
160,district,Urban,Female,133310
161,district,Rural,Female,562771
161,district,Urban,Female,173183
162,district,Rural,Female,528829
162,district,Urban,Female,110676
163,district,Rural,Female,751253
163,district,Urban,Female,81676
164,district,Rural,Female,728363
164,district,Urban,Female,1393099
165,district,Rural,Female,587418
165,district,Urban,Female,196464
166,district,Rural,Female,549490
166,district,Urban,Female,391677
167,district,Rural,Female,496736
167,district,Urban,Female,83845
168,district,Rural,Female,413064
168,district,Urban,Female,97684
169,district,Rural,Female,322568
169,district,Urban,Female,87032
170,district,Rural,Female,704412
170,district,Urban,Female,129122
171,district,Rural,Female,418604
171,district,Urban,Female,45405
172,district,Rural,Female,1095050
172,district,Urban,Female,152961
173,district,Rural,Female,1518316
173,district,Urban,Female,84740
174,district,Rural,Female,701805
174,district,Urban,Female,59306
175,district,Rural,Female,2140559
175,district,Urban,Female,682025
176,district,Rural,Female,1396441
176,district,Urban,Female,157185
177,district,Rural,Female,1051486
177,district,Urban,Female,159882
178,district,Rural,Female,1049396
178,district,Urban,Female,136082
179,district,Rural,Female,1786705
179,district,Urban,Female,95826
180,district,Rural,Female,1508565
180,district,Urban,Female,135282
181,district,Rural,Female,505031
181,district,Urban,Female,18433
182,district,Rural,Female,954331
182,district,Urban,Female,79613
183,district,Rural,Female,1539832
183,district,Urban,Female,106941
184,district,Rural,Female,1186465
184,district,Urban,Female,77737
185,district,Rural,Female,1143521
185,district,Urban,Female,65671
186,district,Rural,Female,784043
186,district,Urban,Female,61484
187,district,Rural,Female,1237847
187,district,Urban,Female,65102
188,district,Rural,Female,1766040
188,district,Urban,Female,397078
189,district,Rural,Female,1666060
189,district,Urban,Female,80429
190,district,Rural,Female,1411032
190,district,Urban,Female,152478
191,district,Rural,Female,2137805
191,district,Urban,Female,191104
192,district,Rural,Female,847917
192,district,Urban,Female,243342
193,district,Rural,Female,1421647
193,district,Urban,Female,145225
194,district,Rural,Female,2106407
194,district,Urban,Female,167332
195,district,Rural,Female,1634257
195,district,Urban,Female,130936
196,district,Rural,Female,819573
196,district,Urban,Female,115278
197,district,Rural,Female,1003264
197,district,Urban,Female,751720
198,district,Rural,Female,662322
198,district,Urban,Female,108792
199,district,Rural,Female,1022265
199,district,Urban,Female,162403
200,district,Rural,Female,744872
200,district,Urban,Female,146343
201,district,Rural,Female,700749
201,district,Urban,Female,126392
202,district,Rural,Female,535956
202,district,Urban,Female,136598
10,state,Rural,Female,44267586
10,state,Urban,Female,5553709
203,district,Rural,Female,1688068
203,district,Urban,Female,185864
204,district,Rural,Female,2229847
204,district,Urban,Female,188315
205,district,Rural,Female,296338
205,district,Urban,Female,13235
206,district,Rural,Female,1531391
206,district,Urban,Female,88931
207,district,Rural,Female,2081597
207,district,Urban,Female,76469
208,district,Rural,Female,1024023
208,district,Urban,Female,49770
209,district,Rural,Female,1268538
209,district,Urban,Female,79698
210,district,Rural,Female,745959
210,district,Urban,Female,77471
211,district,Rural,Female,1402092
211,district,Urban,Female,163157
212,district,Rural,Female,1341463
212,district,Urban,Female,129136
213,district,Rural,Female,912541
213,district,Urban,Female,41662
214,district,Rural,Female,830238
214,district,Urban,Female,73249
215,district,Rural,Female,1695512
215,district,Urban,Female,181924
216,district,Rural,Female,2050813
216,district,Urban,Female,222752
217,district,Rural,Female,1214240
217,district,Urban,Female,80106
218,district,Rural,Female,1567866
218,district,Urban,Female,87508
219,district,Rural,Female,1760541
219,district,Urban,Female,168500
220,district,Rural,Female,1540721
220,district,Urban,Female,109765
221,district,Rural,Female,1961496
221,district,Urban,Female,70067
222,district,Rural,Female,1134410
222,district,Urban,Female,268471
223,district,Rural,Female,742446
223,district,Urban,Female,40654
224,district,Rural,Female,1139848
224,district,Urban,Female,282255
225,district,Rural,Female,934353
225,district,Urban,Female,33270
226,district,Rural,Female,460346
226,district,Urban,Female,178378
227,district,Rural,Female,407038
227,district,Urban,Female,67529
228,district,Rural,Female,254980
228,district,Urban,Female,51619
229,district,Rural,Female,1162031
229,district,Urban,Female,218562
230,district,Rural,Female,1577850
230,district,Urban,Female,1182103
231,district,Rural,Female,1114272
231,district,Urban,Female,183755
232,district,Rural,Female,740767
232,district,Urban,Female,77608
233,district,Rural,Female,748515
233,district,Urban,Female,30863
234,district,Rural,Female,1213877
234,district,Urban,Female,202495
235,district,Rural,Female,1108600
235,district,Urban,Female,112789
236,district,Rural,Female,1849225
236,district,Urban,Female,275627
237,district,Rural,Female,971911
237,district,Urban,Female,102567
238,district,Rural,Female,775296
238,district,Urban,Female,69045
239,district,Rural,Female,475963
239,district,Urban,Female,63768
240,district,Rural,Female,312574
240,district,Urban,Female,24772
11,state,Rural,Female,214202
11,state,Urban,Female,73305
241,district,Rural,Female,16791
241,district,Urban,Female,2188
242,district,Rural,Female,63659
242,district,Urban,Female,2538
243,district,Rural,Female,59803
243,district,Urban,Female,10377
244,district,Rural,Female,73949
244,district,Urban,Female,58202
12,state,Rural,Female,520347
12,state,Urban,Female,149468
245,district,Rural,Female,17983
245,district,Urban,Female,2843
246,district,Rural,Female,30206
246,district,Urban,Female,7586
247,district,Rural,Female,30834
247,district,Urban,Female,9081
248,district,Rural,Female,39675
248,district,Urban,Female,47716
249,district,Rural,Female,35203
249,district,Urban,Female,6487
250,district,Rural,Female,42619
250,district,Urban,Female,11487
251,district,Rural,Female,35432
251,district,Urban,Female,13666
252,district,Rural,Female,13445
252,district,Urban,Female,3176
253,district,Rural,Female,62715
253,district,Urban,Female,8563
254,district,Rural,Female,44980
254,district,Urban,Female,9391
255,district,Rural,Female,34764
255,district,Urban,Female,6423
256,district,Rural,Female,45659
256,district,Urban,Female,1099
257,district,Rural,Female,2522
257,district,Urban,Female,1068
258,district,Rural,Female,20702
258,district,Urban,Female,5325
259,district,Rural,Female,54305
259,district,Urban,Female,15200
260,district,Rural,Female,9303
260,district,Urban,Female,357
13,state,Rural,Female,682064
13,state,Urban,Female,271789
261,district,Rural,Female,102347
261,district,Urban,Female,16160
262,district,Rural,Female,67524
262,district,Urban,Female,26006
263,district,Rural,Female,56374
263,district,Urban,Female,13166
264,district,Rural,Female,64904
264,district,Urban,Female,16934
265,district,Rural,Female,87507
265,district,Urban,Female,93910
266,district,Rural,Female,68314
266,district,Urban,Female,11361
267,district,Rural,Female,77360
267,district,Urban,Female,17303
268,district,Rural,Female,20360
268,district,Urban,Female,3622
269,district,Rural,Female,28274
269,district,Urban,Female,7900
270,district,Rural,Female,70531
270,district,Urban,Female,58491
271,district,Rural,Female,38569
271,district,Urban,Female,6936
14,state,Rural,Female,994756
14,state,Urban,Female,422452
272,district,Rural,Female,228069
272,district,Urban,Female,3756
273,district,Rural,Female,58754
273,district,Urban,Female,9526
274,district,Rural,Female,126127
274,district,Urban,Female,9196
275,district,Rural,Female,74723
275,district,Urban,Female,43894
276,district,Rural,Female,135365
276,district,Urban,Female,75958
277,district,Rural,Female,98165
277,district,Urban,Female,164773
278,district,Rural,Female,136117
278,district,Urban,Female,93902
279,district,Rural,Female,76010
279,district,Urban,Female,13270
280,district,Rural,Female,61426
280,district,Urban,Female,8177
15,state,Rural,Female,256300
15,state,Urban,Female,285567
281,district,Rural,Female,34330
281,district,Urban,Female,7206
282,district,Rural,Female,17980
282,district,Urban,Female,23057
283,district,Rural,Female,41775
283,district,Urban,Female,159264
284,district,Rural,Female,38106
284,district,Urban,Female,24251
285,district,Rural,Female,16275
285,district,Urban,Female,15811
286,district,Rural,Female,45099
286,district,Urban,Female,33438
287,district,Rural,Female,47124
287,district,Urban,Female,10171
288,district,Rural,Female,15611
288,district,Urban,Female,12369
16,state,Rural,Female,1325291
16,state,Urban,Female,474250
289,district,Rural,Female,511381
289,district,Urban,Female,334930
290,district,Rural,Female,368183
290,district,Urban,Female,60274
291,district,Rural,Female,163958
291,district,Urban,Female,19728
292,district,Rural,Female,281769
292,district,Urban,Female,59318
17,state,Rural,Female,1177179
17,state,Urban,Female,297878
293,district,Rural,Female,281510
293,district,Urban,Female,37622
294,district,Rural,Female,134962
294,district,Urban,Female,21732
295,district,Rural,Female,62733
295,district,Urban,Female,6431
296,district,Rural,Female,167976
296,district,Urban,Female,21770
297,district,Rural,Female,114882
297,district,Urban,Female,11427
298,district,Rural,Female,231032
298,district,Urban,Female,184141
299,district,Rural,Female,184084
299,district,Urban,Female,14755
18,state,Rural,Female,13128045
18,state,Urban,Female,2138088
300,district,Rural,Female,407755
300,district,Urban,Female,26482
301,district,Rural,Female,851643
301,district,Urban,Female,99767
302,district,Rural,Female,426877
302,district,Urban,Female,68014
303,district,Rural,Female,754480
303,district,Urban,Female,72138
304,district,Rural,Female,435002
304,district,Urban,Female,35770
305,district,Rural,Female,1203249
305,district,Urban,Female,181407
306,district,Rural,Female,855280
306,district,Urban,Female,84926
307,district,Rural,Female,468222
307,district,Urban,Female,44241
308,district,Rural,Female,311570
308,district,Urban,Female,23314
309,district,Rural,Female,521791
309,district,Urban,Female,125907
310,district,Rural,Female,532306
310,district,Urban,Female,117595
311,district,Rural,Female,509668
311,district,Urban,Female,52166
312,district,Rural,Female,428754
312,district,Urban,Female,106697
313,district,Rural,Female,476027
313,district,Urban,Female,47700
314,district,Rural,Female,411423
314,district,Urban,Female,54723
315,district,Rural,Female,73796
315,district,Urban,Female,29504
316,district,Rural,Female,694070
316,district,Urban,Female,156263
317,district,Rural,Female,548476
317,district,Urban,Female,54346
318,district,Rural,Female,297409
318,district,Urban,Female,23997
319,district,Rural,Female,309208
319,district,Urban,Female,53778
320,district,Rural,Female,219930
320,district,Urban,Female,17372
321,district,Rural,Female,669008
321,district,Urban,Female,70073
322,district,Rural,Female,105865
322,district,Urban,Female,500488
323,district,Rural,Female,335232
323,district,Urban,Female,40401
324,district,Rural,Female,462806
324,district,Urban,Female,5939
325,district,Rural,Female,426546
325,district,Urban,Female,26681
326,district,Rural,Female,391652
326,district,Urban,Female,18399
19,state,Rural,Female,30338168
19,state,Urban,Female,14128920
327,district,Rural,Female,551895
327,district,Urban,Female,357669
328,district,Rural,Female,1375209
328,district,Urban,Female,514573
329,district,Rural,Female,1224736
329,district,Urban,Female,142808
330,district,Rural,Female,1282437
330,district,Urban,Female,173631
331,district,Rural,Female,702210
331,district,Urban,Female,116867
332,district,Rural,Female,1678849
332,district,Urban,Female,258455
333,district,Rural,Female,2785293
333,district,Urban,Female,690950
334,district,Rural,Female,1490980
334,district,Urban,Female,220504
335,district,Rural,Female,2265477
335,district,Urban,Female,1485197
336,district,Rural,Female,1807615
336,district,Urban,Female,706217
337,district,Rural,Female,2081065
337,district,Urban,Female,2809327
338,district,Rural,Female,1667701
338,district,Urban,Female,1036791
339,district,Rural,Female,1611124
339,district,Urban,Female,147455
340,district,Rural,Female,1252593
340,district,Urban,Female,180526
341,district,Rural,Female,866366
341,district,Urban,Female,1482844
342,district,Rural,Female,0
342,district,Urban,Female,2139928
343,district,Rural,Female,2964969
343,district,Urban,Female,1023214
344,district,Rural,Female,2549050
344,district,Urban,Female,356522
345,district,Rural,Female,2180599
345,district,Urban,Female,285442
20,state,Rural,Female,12278587
20,state,Urban,Female,3779232
346,district,Rural,Female,606167
346,district,Urban,Female,33042
347,district,Rural,Female,479721
347,district,Urban,Female,29230
348,district,Rural,Female,281418
348,district,Urban,Female,67619
349,district,Rural,Female,1087842
349,district,Urban,Female,99534
350,district,Rural,Female,595576
350,district,Urban,Female,121475
351,district,Rural,Female,605225
351,district,Urban,Female,30399
352,district,Rural,Female,485009
352,district,Urban,Female,76167
353,district,Rural,Female,414659
353,district,Urban,Female,33102
354,district,Rural,Female,542137
354,district,Urban,Female,736394
355,district,Rural,Female,523732
355,district,Urban,Female,465791
356,district,Rural,Female,201124
356,district,Urban,Female,28037
357,district,Rural,Female,504830
357,district,Urban,Female,612187
358,district,Rural,Female,826315
358,district,Urban,Female,107252
359,district,Rural,Female,332554
359,district,Urban,Female,24758
360,district,Rural,Female,712254
360,district,Urban,Female,131360
361,district,Rural,Female,258321
361,district,Urban,Female,196892
362,district,Rural,Female,610336
362,district,Urban,Female,42592
363,district,Rural,Female,350253
363,district,Urban,Female,35959
364,district,Rural,Female,816390
364,district,Urban,Female,602926
365,district,Rural,Female,243409
365,district,Urban,Female,22141
366,district,Rural,Female,478997
366,district,Urban,Female,31826
367,district,Rural,Female,278209
367,district,Urban,Female,21060
368,district,Rural,Female,646647
368,district,Urban,Female,106306
369,district,Rural,Female,397462
369,district,Urban,Female,123183
21,state,Rural,Female,17384359
21,state,Urban,Female,3377723
370,district,Rural,Female,658542
370,district,Urban,Female,73552
371,district,Rural,Female,172178
371,district,Urban,Female,110637
372,district,Rural,Female,364314
372,district,Urban,Female,149908
373,district,Rural,Female,143464
373,district,Urban,Female,10826
374,district,Rural,Female,679272
374,district,Urban,Female,353018
375,district,Rural,Female,774007
375,district,Urban,Female,121239
376,district,Rural,Female,1169266
376,district,Urban,Female,94259
377,district,Rural,Female,1010770
377,district,Urban,Female,123972
378,district,Rural,Female,655244
378,district,Urban,Female,90833
379,district,Rural,Female,681774
379,district,Urban,Female,40773
380,district,Rural,Female,504178
380,district,Urban,Female,54928
381,district,Rural,Female,917538
381,district,Urban,Female,354172
382,district,Rural,Female,835556
382,district,Urban,Female,65602
383,district,Rural,Female,523979
383,district,Urban,Female,56239
384,district,Rural,Female,520890
384,district,Urban,Female,97213
385,district,Rural,Female,422032
385,district,Urban,Female,38121
386,district,Rural,Female,571548
386,district,Urban,Female,512988
387,district,Rural,Female,705587
387,district,Urban,Female,127763
388,district,Rural,Female,1377394
388,district,Urban,Female,372419
389,district,Rural,Female,259496
389,district,Urban,Female,35439
390,district,Rural,Female,337308
390,district,Urban,Female,35857
391,district,Rural,Female,209605
391,district,Urban,Female,9932
392,district,Rural,Female,274608
392,district,Urban,Female,24263
393,district,Rural,Female,722846
393,district,Urban,Female,96054
394,district,Rural,Female,291536
394,district,Urban,Female,16884
395,district,Rural,Female,730236
395,district,Urban,Female,59532
396,district,Rural,Female,423171
396,district,Urban,Female,72780
397,district,Rural,Female,572550
397,district,Urban,Female,43584
398,district,Rural,Female,589707
398,district,Urban,Female,111131
399,district,Rural,Female,285763
399,district,Urban,Female,23805
22,state,Rural,Female,9810535
22,state,Urban,Female,2901768
400,district,Rural,Female,225280
400,district,Urban,Female,98900
401,district,Rural,Female,1049057
401,district,Urban,Female,117700
402,district,Rural,Female,389370
402,district,Urban,Female,37552
403,district,Rural,Female,623865
403,district,Urban,Female,119841
404,district,Rural,Female,378926
404,district,Urban,Female,214799
405,district,Rural,Female,693245
405,district,Urban,Female,110745
406,district,Rural,Female,981239
406,district,Urban,Female,330816
407,district,Rural,Female,367190
407,district,Urban,Female,43278
408,district,Rural,Female,638409
408,district,Urban,Female,135869
409,district,Rural,Female,1032955
409,district,Urban,Female,628816
410,district,Rural,Female,1292016
410,district,Urban,Female,723670
411,district,Rural,Female,460911
411,district,Urban,Female,59876
412,district,Rural,Female,327166
412,district,Urban,Female,74718
413,district,Rural,Female,337031
413,district,Urban,Female,38572
414,district,Rural,Female,619053
414,district,Urban,Female,95659
415,district,Rural,Female,59061
415,district,Urban,Female,10655
416,district,Rural,Female,223475
416,district,Urban,Female,46021
417,district,Rural,Female,112286
417,district,Urban,Female,14281
23,state,Rural,Female,25408016
23,state,Urban,Female,9606487
418,district,Rural,Female,275149
418,district,Urban,Female,50928
419,district,Rural,Female,680290
419,district,Urban,Female,217263
420,district,Rural,Female,575327
420,district,Urban,Female,200835
421,district,Rural,Female,348895
421,district,Urban,Female,592814
422,district,Rural,Female,280806
422,district,Urban,Female,85791
423,district,Rural,Female,667073
423,district,Urban,Female,139182
424,district,Rural,Female,565816
424,district,Urban,Female,118995
425,district,Rural,Female,638086
425,district,Urban,Female,188168
426,district,Rural,Female,423712
426,district,Urban,Female,59328
427,district,Rural,Female,785529
427,district,Urban,Female,336672
428,district,Rural,Female,483197
428,district,Urban,Female,119149
429,district,Rural,Female,846613
429,district,Urban,Female,224827
430,district,Rural,Female,951482
430,district,Urban,Female,188524
431,district,Rural,Female,261150
431,district,Urban,Female,52934
432,district,Rural,Female,285824
432,district,Urban,Female,117590
433,district,Rural,Female,521820
433,district,Urban,Female,135740
434,district,Rural,Female,503570
434,district,Urban,Female,213258
435,district,Rural,Female,591298
435,district,Urban,Female,379277
436,district,Rural,Female,589860
436,district,Urban,Female,142301
437,district,Rural,Female,540236
437,district,Urban,Female,218120
438,district,Rural,Female,877459
438,district,Urban,Female,195609
439,district,Rural,Female,412233
439,district,Urban,Female,1164837
440,district,Rural,Female,774794
440,district,Urban,Female,145131
441,district,Rural,Female,586905
441,district,Urban,Female,99636
442,district,Rural,Female,620950
442,district,Urban,Female,134652
443,district,Rural,Female,527295
443,district,Urban,Female,162012
444,district,Rural,Female,215985
444,district,Urban,Female,918946
445,district,Rural,Female,508234
445,district,Urban,Female,119355
446,district,Rural,Female,488212
446,district,Urban,Female,143027
447,district,Rural,Female,625853
447,district,Urban,Female,150273
448,district,Rural,Female,217789
448,district,Urban,Female,57838
449,district,Rural,Female,406302
449,district,Urban,Female,186323
450,district,Rural,Female,503311
450,district,Urban,Female,126718
451,district,Rural,Female,496224
451,district,Urban,Female,689787
452,district,Rural,Female,425615
452,district,Urban,Female,97429
453,district,Rural,Female,336813
453,district,Urban,Female,15798
454,district,Rural,Female,465565
454,district,Urban,Female,64068
455,district,Rural,Female,779540
455,district,Urban,Female,246914
456,district,Rural,Female,602927
456,district,Urban,Female,80325
457,district,Rural,Female,737088
457,district,Urban,Female,122432
458,district,Rural,Female,442717
458,district,Urban,Female,149440
459,district,Rural,Female,327976
459,district,Urban,Female,73258
460,district,Rural,Female,419880
460,district,Urban,Female,106162
461,district,Rural,Female,271966
461,district,Urban,Female,98157
462,district,Rural,Female,506534
462,district,Urban,Female,44587
463,district,Rural,Female,458163
463,district,Urban,Female,106473
464,district,Rural,Female,465597
464,district,Urban,Female,44428
465,district,Rural,Female,338332
465,district,Urban,Female,28125
466,district,Rural,Female,509442
466,district,Urban,Female,126290
467,district,Rural,Female,242582
467,district,Urban,Female,126761
24,state,Rural,Female,16895450
24,state,Urban,Female,12052982
468,district,Rural,Female,650312
468,district,Urban,Female,345322
469,district,Rural,Female,1311850
469,district,Urban,Female,198277
470,district,Rural,Female,514329
470,district,Urban,Female,135008
471,district,Rural,Female,733559
471,district,Urban,Female,244985
472,district,Rural,Female,1008728
472,district,Urban,Female,175630
473,district,Rural,Female,382690
473,district,Urban,Female,285199
474,district,Rural,Female,555595
474,district,Urban,Female,2870579
475,district,Rural,Female,609877
475,district,Urban,Female,236474
476,district,Rural,Female,774244
476,district,Urban,Female,1055869
477,district,Rural,Female,578966
477,district,Urban,Female,466961
478,district,Rural,Female,146515
478,district,Urban,Female,138725
479,district,Rural,Female,896399
479,district,Urban,Female,442327
480,district,Rural,Female,555001
480,district,Urban,Female,188140
481,district,Rural,Female,829131
481,district,Urban,Female,561033
482,district,Rural,Female,699259
